participant_id,rsfmri_mean_fc,rsfmri_std_fc,rsfmri_max_fc,rsfmri_min_fc,rsfmri_median_fc,rsfmri_ts_mean,rsfmri_ts_std
sub-NDARINVAG388HJL,0.009899594896399013,0.19645543859550477,0.7486263633130865,-0.6564016323057522,0.010553741682141814,7101.6396484375,3534.62841796875
sub-NDARINVAG900RVD,0.012563597884940393,0.20290804038577523,0.8436165707565921,-0.8753372284902847,0.011899894835688526,6872.94580078125,2918.8115234375
sub-NDARINVAH529JMM,0.013875374483933754,0.31020647860594713,0.9448490439953697,-0.8863644715306306,0.015200346102052169,7786.8974609375,3819.66552734375
sub-NDARINVAK834VNU,-0.0004554447444600733,0.296630596618569,0.9131655662701486,-0.8996406868552401,-7.311523338441687e-05,5542.5439453125,2567.238037109375
sub-NDARINVAL101MH2,0.007170421527204878,0.16231933655149355,0.5622692939913061,-0.5147492611539665,0.0038656575273197076,7053.44482421875,2947.320068359375
sub-NDARINVAM061NXD,0.008293031679908077,0.15315333454734892,0.7038937973957248,-0.5049818938954853,0.010482911288659965,6638.76220703125,3300.107177734375
sub-NDARINVAN576KX1,0.02366841285673808,0.2918021375973286,0.8569776310674286,-0.8316664724224311,0.020596457762864367,4937.07958984375,2261.1982421875
sub-NDARINVAR463UNP,-0.0014378442077524938,0.2388561935668763,0.9085786726583104,-0.788521232965435,-0.0012602711558663284,5422.3740234375,2126.14501953125
sub-NDARINVAT097DFG,0.015307800897705238,0.17127857798257745,0.6718153028931,-0.7382344012408558,0.012159102735481427,7227.53515625,3668.794921875
sub-NDARINVAZ218MB7,0.02042314297401869,0.18995868317466091,0.88865871249626,-0.73028984595938,0.01591598969666009,8530.732421875,4318.90625
sub-NDARINVBD216MCC,0.000700897194631298,0.216242584537292,0.818164603298045,-0.7794184627714863,0.0006922116033944595,6865.82275390625,3382.987548828125
sub-NDARINVBE389YGF,0.004510631079690162,0.15393229654554333,0.6420999130067867,-0.6232414611542272,0.007649222955251257,6552.53759765625,2845.203369140625
sub-NDARINVBH217XFZ,0.007889893785778196,0.18014967783018448,0.6970899477712997,-0.6608888185689995,0.005242954286854472,7361.611328125,3496.4306640625
sub-NDARINVBH315KUM,0.021831017543083964,0.17409669186835156,0.821853009376343,-0.7328593697029667,0.015319058802239164,7240.94970703125,3466.337158203125
sub-NDARINVBL733HBP,0.007758945280606705,0.15498358232300266,0.5722416046789583,-0.49272697253174974,0.005555390970059605,7099.564453125,3072.432373046875
sub-NDARINVBM990HJT,0.015165789645889757,0.18262365922021148,0.8241621552405783,-0.8140387694651361,0.011571476715833761,7487.4501953125,3441.984130859375
sub-NDARINVBU789GV0,0.02919465312314387,0.19398794319276585,0.7667573731293666,-0.6872449622100371,0.027410424430195268,7027.03369140625,3407.057373046875
sub-NDARINVBY805EE5,0.01149809494787644,0.16445549325116898,0.6327479068572117,-0.6842148744766557,0.015106895766671027,7145.671875,2882.7890625
sub-NDARINVBZ622PEX,-0.0008612907204743408,0.17983546442601808,0.8106233565300054,-0.7769509850252979,0.00010804223719123541,5710.09033203125,2374.17236328125
sub-NDARINVCA042YER,0.008894189084517815,0.24776067883873903,0.8856800002082886,-0.8895145176609951,0.005707439315491872,5313.13525390625,2870.045654296875
sub-NDARINVCE244AGN,-0.0014923130834615173,0.22824954042257456,0.878544633904313,-0.9640853157293456,-0.0056924618571531915,6812.49169921875,2692.2177734375
sub-NDARINVCL131GYQ,0.010009364712103487,0.18932919707341503,0.7848469552484484,-0.6813067225955952,0.007459738115558823,7141.40966796875,3542.642333984375
sub-NDARINVCM621YRY,6.947464962495315e-05,0.16075361314873432,0.5518477785601597,-0.5574440911695083,-0.0026638907281687782,5838.6416015625,2664.7734375
sub-NDARINVCV410NUH,0.0028177845881703677,0.18312046024642728,0.820458210249701,-0.7176968411522904,0.0013841563672097631,7050.3486328125,3088.755859375
sub-NDARINVCW125BLA,0.014910413485829761,0.28426972600205674,0.9589514083829987,-0.9414859897553436,0.005175344387809684,6828.21533203125,2454.244873046875
sub-NDARINVCW577CWF,0.009682166307638088,0.2282369320318863,0.9056334796235572,-0.8742137305077018,0.012126748820677173,7477.12890625,3532.44140625
sub-NDARINVCX643TCM,0.011392012652860387,0.19325709120447984,0.8312300145563762,-0.8063636267038224,0.008632883237921536,7409.59521484375,3788.534912109375
sub-NDARINVDC524THW,0.008374279294717426,0.16471590259057659,0.6670568399398872,-0.6668426367256344,0.0059610341764412805,7118.89404296875,3434.39306640625
sub-NDARINVDD155BRR,0.014448167053940301,0.18159922552671232,0.6947277380897952,-0.7638362101131987,0.017029393622313177,5725.09228515625,2637.41015625
sub-NDARINVDG233EBR,0.0028756152698477437,0.17210331840742304,0.7193139100995737,-0.5568530067183792,0.0025268749321814147,6172.84375,2849.023681640625
sub-NDARINVDK220VPQ,-0.0016985207147240812,0.2184244900532557,0.8999806402530871,-0.7771122984260034,-0.00031472862141580674,6567.02197265625,3102.386474609375
sub-NDARINVDM785DVB,0.01188583480022636,0.15434123290174265,0.5423513505862018,-0.5137201186549273,0.013424911254869856,6844.494140625,3048.41259765625
sub-NDARINVDN485GPF,0.008848668134875025,0.16724083462156245,0.7163800376027871,-0.5802467410079811,0.00595513074508364,7051.2861328125,3577.40478515625
sub-NDARINVDP288XND,0.0011360266100566157,0.1534126913725848,0.6897037470777088,-0.5741444152101519,0.0015357288893822728,6433.7783203125,2720.407470703125
sub-NDARINVDT499KZL,-0.0015752234970637412,0.21652340686273808,0.7998618699055425,-0.879874480485507,-0.0025779035678071523,6344.43896484375,3322.807373046875
sub-NDARINVDU085XVZ,0.0028611520419405344,0.2530293517041083,0.9129961647770936,-0.8193426917214147,0.006022787448671915,7497.8994140625,4107.9580078125
sub-NDARINVDV232BEQ,0.0016814287801909173,0.22145300315156655,0.8355576453195371,-0.8422767054450803,-2.2156047352711985e-05,6184.26318359375,2683.884765625
sub-NDARINVDZ608PPY,0.008626224034502028,0.26251401339447816,0.9469829287486872,-0.9098658882365894,0.013869943663312664,5974.6123046875,2718.30126953125
sub-NDARINVED812LMR,0.004650486735065572,0.18579157677940536,0.8724570485536783,-0.7565921785768499,0.0036277714134020354,5508.48486328125,3024.47705078125
sub-NDARINVEG178LHD,0.003701542342984302,0.15790561120910143,0.7826277107834737,-0.5318675399333314,0.002281610082471676,5947.5458984375,2706.30615234375
sub-NDARINVEJ537VGZ,0.00034509670467377097,0.1767946741855233,0.7238947128415509,-0.6998000642957347,-0.0009292094232974186,5705.60693359375,2557.541259765625
sub-NDARINVEK685MY0,0.002713075802228333,0.186544821149206,0.8482882474650094,-0.9056134543444483,0.0006280816230084767,7048.8564453125,3635.46484375
sub-NDARINVEN039PVQ,0.006507630117202596,0.1643878051156872,0.7045507086800835,-0.624126952782821,0.004816399587367751,7434.6083984375,3935.197998046875
sub-NDARINVEP476HJ3,0.012349162049165306,0.19823046556755672,0.8606462256637104,-0.6976978077246547,0.01210522310797281,8875.60546875,4768.22802734375
sub-NDARINVEY033HCZ,0.019172220702725624,0.20884414919633115,0.842920158279768,-0.8066172845494419,0.0167053706530272,6420.20654296875,3074.438232421875
sub-NDARINVEY681MZ7,0.0032237201098355727,0.16321411637816508,0.7062392762550173,-0.6530237407795787,0.0008327746982454956,5923.29345703125,2555.365478515625
sub-NDARINVFE128JJV,0.007597242366048401,0.18361575846604675,0.7016165182541894,-0.7476478781184616,0.009179498836817193,5053.14599609375,1975.4613037109375
sub-NDARINVFH503ZWA,0.0035410471100782936,0.17043995516018728,0.7340037293644646,-0.7562745739346013,0.0007560870042796852,7625.78515625,3097.54541015625
sub-NDARINVFJ172LJ5,0.006345722782297185,0.2515069591086037,0.8826856705097315,-0.8762707952100162,0.00723909843983904,6407.52392578125,2534.578857421875
sub-NDARINVFT463JPQ,0.0054858454363961775,0.20261351694113522,0.7728830483406997,-0.7050924060519735,0.010360042322782256,7147.6435546875,3163.288330078125
sub-NDARINVFU389BX1,0.0036481512750817274,0.16630658901996384,0.8459204323068124,-0.6543324487228533,-0.0007920138095302597,7866.556640625,3958.89990234375
sub-NDARINVFW143KVU,0.001344082607180333,0.17719883755450225,0.7118900481168984,-0.7900433187750389,0.0020029394081475956,5826.267578125,2665.4931640625
sub-NDARINVFW876XT7,0.013687685833427771,0.1540844074278341,0.6430222260072165,-0.5381928853939902,0.011668749353032973,6776.98388671875,3484.417236328125
sub-NDARINVFX289XV7,0.00023957416836488266,0.23888043044157659,0.9502288021843998,-0.9511668251907565,0.002276838124402483,7916.91162109375,3548.638916015625
sub-NDARINVFY729CMQ,0.0036712199763304114,0.1884009956524411,0.6530842287860171,-0.8463486331285796,0.0023948087691164294,6032.31201171875,2953.15185546875
sub-NDARINVGB107TDU,0.0086331676470619,0.16813164295522107,0.7040002780292614,-0.6778052328994972,0.007272663766166698,6399.05224609375,2933.335205078125
sub-NDARINVGB371PPV,0.014407399823222743,0.26286567516145326,0.898594798930835,-0.9291696433874586,0.011157289284394151,6155.77783203125,3075.047119140625
sub-NDARINVGG504ENV,0.00039839088225575607,0.23264279699432183,0.8457393422901529,-0.7998921305024067,-0.0001538377815896135,7142.47265625,3953.04736328125
sub-NDARINVGH969TWR,0.013531363031585272,0.17939352845188514,0.7926941810674968,-0.6961510279239701,0.012488653918276622,7964.99462890625,4658.54443359375
sub-NDARINVGK662YZW,0.01473082185405931,0.20265280457434348,0.9336211836404602,-0.7665702365448461,0.01206675437798731,5799.87939453125,2519.458740234375
sub-NDARINVGM287EF8,0.009741669869152914,0.18717955378565956,0.7616390071423289,-0.7925739699426692,0.011486507674050662,7475.392578125,3307.864013671875
sub-NDARINVGN063ZRV,0.007607867847615174,0.18984966390608393,0.8244130905178303,-0.6882532514970472,0.005672618345271312,6584.26123046875,3006.3525390625
sub-NDARINVGN082RP7,0.03853537570867814,0.17997030018962093,0.8571598322959764,-0.6960107822724162,0.034011174611708946,8130.91650390625,5298.84912109375
sub-NDARINVGR029VCQ,0.003614107282560249,0.1943688935765445,0.802129090494099,-0.8359324642181837,0.0024295011095696595,6851.10009765625,3110.03076171875
sub-NDARINVGR746CR0,0.003964597499746924,0.1701929035559217,0.7885881173522293,-0.7855994243996424,0.005639762977026666,6077.9384765625,2725.9052734375
sub-NDARINVGT021UPR,0.0033632563202218276,0.16574980525922572,0.5882200239624449,-0.5067402388885995,0.003213980599758141,7200.6708984375,3354.752197265625
sub-NDARINVGZ602BF8,-0.0006036973218183807,0.18141241648656647,0.6910360992581037,-0.6280022537437755,0.004162510154311011,5385.1328125,2538.89306640625
sub-NDARINVHG032NYJ,0.004661748147412238,0.1584873728431379,0.7217027553655542,-0.6942280731600381,0.0017159388257369083,5885.37890625,2848.10791015625
sub-NDARINVHW100CDA,0.0076667184471571155,0.32885524276888395,0.9081770904754033,-0.8930723642608015,0.01628351116310079,5466.3828125,2781.185546875
sub-NDARINVHY331CLY,0.0014303320256686908,0.17218163095161412,0.6122510342434507,-0.6862242497341973,0.0006519643813823488,5383.0400390625,2212.96728515625
sub-NDARINVHZ510TB2,0.003488243407794106,0.2653173000290955,0.884073687228963,-0.860312413011412,0.005853476288382765,6574.15283203125,2775.905029296875
sub-NDARINVJC140HGJ,0.009361061788408597,0.1755084654219505,0.7544501562617129,-0.5605509230056515,0.0038837500882711816,6065.78955078125,2738.471435546875
sub-NDARINVJK969JZ8,-0.0009689289122577471,0.15490913309168863,0.688260178592043,-0.5680230826793008,-0.0011926185103776892,5473.55322265625,2452.865234375
sub-NDARINVJP343BJ6,0.0032148486459792234,0.16931369352506234,0.7398603599826216,-0.5960192608364078,0.0041699138553590006,8368.71875,4842.103515625
sub-NDARINVJR138MBQ,0.010714046526146728,0.16617881434646703,0.7208631905281085,-0.6280052075035575,0.007259166304748673,8975.2158203125,4448.47216796875
sub-NDARINVJT253NWQ,0.0034978623072246364,0.20378023735809528,0.803841766495279,-0.7961170670835434,0.0019180536017570503,6671.7353515625,3473.623291015625
sub-NDARINVJT886CG5,0.0010830107369344689,0.23023540713696292,0.8221404918640014,-0.8191716497322205,0.0022539218708791863,7058.7724609375,3299.9501953125
sub-NDARINVJV338PGX,0.005006678110397396,0.19374344630471205,0.8014035121130514,-0.8029369849417733,0.004893907141637925,6583.93701171875,3284.08837890625
sub-NDARINVJY908YB9,0.00741269959111277,0.16322238309956838,0.7091778398390511,-0.7223656609572269,0.0038639720369365695,6889.71240234375,2845.83837890625
sub-NDARINVKC627BAV,0.012669391958599932,0.19444566985654047,0.8436014106930918,-0.71547727751255,0.009093741407383994,6122.76611328125,2897.12060546875
sub-NDARINVKD900ED7,0.014403471331062987,0.17053656472905468,0.7324433095093765,-0.5752617519794428,0.010918719075325923,6372.98828125,3216.6494140625
sub-NDARINVKH279ZDZ,0.00044318205213051044,0.18360657501152786,0.8150032475499306,-0.6928085573608941,0.001447136538773543,5792.13525390625,2697.642578125
sub-NDARINVKH356XFP,0.0021507924009924015,0.22014834587505827,0.8233528116522056,-0.8202581220595949,0.002289365559085147,5962.8125,2727.18896484375
sub-NDARINVKH965NN0,0.008576169779994935,0.16617761578343596,0.7099057068717392,-0.6142318862004505,0.008848357880550946,7385.44775390625,3240.441650390625
sub-NDARINVKP945BWF,0.0034726892094025155,0.16636414181328324,0.6268579972992331,-0.730007604615529,0.00528890237845682,7189.21728515625,3134.189453125
sub-NDARINVKV870NBK,-0.0007136981747511545,0.21885746978752524,0.8415215347211367,-0.8753533971316458,-0.00026156790814591425,6078.095703125,2523.509521484375
sub-NDARINVKX727WL8,0.0035517398300221516,0.20807547087063147,0.8885124709383208,-0.819760804412535,0.002950389890638381,5412.98828125,2679.315673828125
sub-NDARINVKZ112BTB,0.019190897203718076,0.33580264678438565,0.9290612181628819,-0.9209976112994843,0.02507229076331923,6279.98095703125,3154.848876953125
sub-NDARINVKZ413VTU,0.008339568095665755,0.16394549433080183,0.6226828960162565,-0.5803643723365569,0.008750763315952877,8132.90869140625,3763.645263671875
sub-NDARINVKZ712GTY,0.010362597103950405,0.15968743723616638,0.8202790152877077,-0.6442878049682557,0.009511556599678424,6928.35009765625,3316.97021484375
sub-NDARINVLC145NV2,0.0015087286036894274,0.16773747717210802,0.6963488729537005,-0.7140136842424597,0.0022906088105088106,6991.95166015625,3074.572998046875
sub-NDARINVLD269XMU,0.00625310811540502,0.15656613104766726,0.8879558261259688,-0.588184444817091,0.005325445411663727,6373.47265625,3113.397216796875
sub-NDARINVLK689LJ2,0.007346297271753121,0.15810125775564765,0.6366444737553425,-0.5369690312947769,0.004800153723156567,6646.06201171875,3480.018310546875
sub-NDARINVLK739LPV,0.0007346811949103063,0.2601372533983743,0.9418513781809711,-0.8744786364532297,-0.00019875378266760705,5926.15771484375,2744.2373046875
sub-NDARINVLL260KC0,0.00013775920634500631,0.16263235461535208,0.8274676590756401,-0.5250232182329817,-0.0004008333283771787,7625.63720703125,3502.8056640625
sub-NDARINVLT949NAG,0.011443039937526621,0.16915758793025426,0.8078806344737608,-0.5377789627787005,0.009287713758737734,7177.48193359375,3326.8515625
sub-NDARINVLZ686XNX,0.005893608108331859,0.2440702755607423,0.8381958630890536,-0.9305807694635249,0.00827106308785448,7131.5185546875,3535.921142578125
sub-NDARINVMH676UAR,0.013427211214607212,0.18367588137983862,0.8057013951233397,-0.6577793664468151,0.008718604504178499,7754.658203125,3820.4970703125
sub-NDARINVMJ687EBC,0.006858471933539326,0.19012062944878985,0.7660303477215913,-0.7814314944563512,0.007637894647609605,5936.087890625,2388.77490234375
sub-NDARINVMV972LBE,0.0060240845921764215,0.2411492744902952,0.8349904880752262,-0.88466656618558,0.006149736607965979,6752.78564453125,3119.0166015625
sub-NDARINVMZ789RWY,0.005791731408532005,0.17790673785762828,0.6544633165986996,-0.6095991989902907,0.008176346630356214,7605.9423828125,4035.872314453125
sub-NDARINVNB949AXM,0.003505199620925151,0.15556964333499163,0.624967630788234,-0.5908906365516723,0.0018865694387236853,6372.7578125,3492.884033203125
sub-NDARINVND653BE6,0.005678961597974795,0.17577971083403127,0.652024615666253,-0.607222620141839,0.004088052370325398,5992.4794921875,2276.5517578125
sub-NDARINVPB396GT2,0.013817195195258012,0.16181073475268487,0.770367232948495,-0.687218942543221,0.011245254149071345,6479.265625,3078.795166015625
sub-NDARINVPD575FK1,0.01164804429786229,0.21791424523981093,0.8776667630405616,-0.7497846562492491,0.007220265851252983,7802.93408203125,4371.38525390625
sub-NDARINVPE293RXE,0.00657529487670746,0.1815786672815605,0.8041989449046498,-0.6927799873894824,0.003513674634794176,7168.208984375,3282.162353515625
sub-NDARINVPE364JB5,0.011610682220300076,0.19726059494248566,0.856166559525718,-0.7683321926654901,0.011700655816138692,7664.27880859375,4401.19189453125
sub-NDARINVPF283TAQ,0.0010247939512935788,0.21711965354659532,0.824501862241432,-0.8241888155676966,0.0024131064827326494,7431.76806640625,3013.52880859375
sub-NDARINVPF766MJ2,0.022301044220991682,0.3855689871599464,0.959046977121332,-0.9504130431001516,0.022406783148528397,6829.798828125,3059.7275390625
sub-NDARINVPG675JPX,0.008693533986416944,0.16642637237843894,0.7736865760287465,-0.7291094994939568,0.007070383190178168,6286.5078125,3143.09423828125
sub-NDARINVPG851GUA,0.004014580191518833,0.1963788783144109,0.8457623622168877,-0.7589729978904567,0.0012491260753998209,7327.12158203125,3795.34228515625
sub-NDARINVPJ213YAX,-0.0006336603484225626,0.1535187750951445,0.5599959746169408,-0.6705939118980532,2.3592019823705896e-05,6135.22509765625,3034.237060546875
sub-NDARINVPU175NP8,0.006476451752476962,0.15563517848291628,0.6820964493029331,-0.5148964726303981,0.0069968259253948405,7400.26611328125,4111.36181640625
sub-NDARINVPZ987BMX,0.006496693306916671,0.15330980570453298,0.6186656384766592,-0.6432871508134863,0.00497850470402357,7336.4228515625,2924.243896484375
sub-NDARINVRB271ZFF,0.012200481403120507,0.1625794974955361,0.7149291840677862,-0.6828443895766263,0.008261805166858944,7355.96337890625,3825.24658203125
sub-NDARINVRF868XAA,0.0017375865633056287,0.26812341922105926,0.9145692736840395,-0.9074916927156833,0.003061692494089443,5631.6611328125,2738.114501953125
sub-NDARINVRF914JT6,0.004138893575884726,0.15454245302054792,0.6531498462058433,-0.6038794551427263,0.003891734456821077,5902.1337890625,2603.5146484375
sub-NDARINVRW134NUR,0.0037463159471568075,0.18352990985594345,0.7531001482967863,-0.883860179348469,0.005713955554618382,7461.59130859375,3694.744384765625
sub-NDARINVRX371YHK,0.029976450085044043,0.21726631517210118,0.8608893123501952,-0.7375056680917119,0.02288134131598761,6130.08447265625,2918.486083984375
sub-NDARINVRZ105MC1,0.0039442542236774614,0.17142128578767685,0.7159618850099874,-0.7170893134299047,0.0007910634562416034,5817.47265625,2679.549560546875
sub-NDARINVTA573RU2,0.00628010228761205,0.16873751365166698,0.7850939234513181,-0.7019039210034567,0.005627770604395999,6157.314453125,2846.1015625
sub-NDARINVTC494BH2,0.002539910236662286,0.16138430574589857,0.7189827818390954,-0.5569946751404515,0.0010139008289197274,7114.74072265625,3682.67236328125
sub-NDARINVTF281GWR,0.012404258530269966,0.18982390931788773,0.8425559106517838,-0.6933830184769437,0.009751274180721681,6235.0537109375,3752.848876953125
sub-NDARINVTR903THR,0.0021485095339380295,0.20981086453335474,0.9326890140420651,-0.8561835928142685,0.009359793377340334,6761.26513671875,2897.425048828125
sub-NDARINVTT359WEC,0.002852082281319272,0.1897280331666341,0.718559421350474,-0.7931795396776933,0.003390801351483268,6414.86474609375,3201.157958984375
sub-NDARINVTT812VKB,0.017252372137097873,0.17042176314207347,0.7436494532925185,-0.5974398104469097,0.013380804353017164,7690.59423828125,4289.6552734375
sub-NDARINVUA181LXU,0.013579139145162435,0.16368218191793615,0.7996834529676143,-0.5584952852762863,0.006845758194221433,7204.39697265625,3477.0224609375
sub-NDARINVUV598MXY,0.005253264692371131,0.17708416461518697,0.6917038738446049,-0.7685123576742916,0.006396477386693097,5730.5966796875,2755.514404296875
sub-NDARINVUX111AA3,0.00547392141352309,0.15648580479275398,0.604770267661989,-0.6892149480320282,0.0064351270433117645,6204.90283203125,3169.99609375
sub-NDARINVUX642KUY,0.011241645468283159,0.19733055655119286,0.7793197753577815,-0.78535457803272,0.008032820714744239,6927.5439453125,4008.63525390625
sub-NDARINVUY536RET,0.017367840779614098,0.1725409783884928,0.9033047261123891,-0.587250401886342,0.010071935741560907,6779.08056640625,3627.892578125
sub-NDARINVUY799LKJ,0.0013402117072986797,0.1525675074807704,0.553121846288317,-0.5894734502359872,0.001311287834316686,5889.53076171875,2521.71044921875
sub-NDARINVUZ656BRT,0.0017593779303133003,0.22380208472460245,0.88014953560929,-0.8971590623593767,0.00019490028558078956,6184.818359375,2981.262451171875
sub-NDARINVVC008EZL,-0.0029808116963007114,0.23993068396947664,0.8492390209422462,-0.9331081410254661,-0.004737210005185939,5475.37548828125,2435.470703125
sub-NDARINVVD461TM8,0.03898127470582267,0.21474336723420362,0.8491868998585441,-0.7280599696842468,0.03314904102940343,8604.14453125,5264.650390625
sub-NDARINVVF051GV0,0.016875546312296152,0.20687573838746245,0.8454225785951656,-0.6613700331575849,0.010777274566277906,8172.5625,3915.843994140625
sub-NDARINVVH854UEQ,0.007324302879901062,0.2125947702587083,0.7456899809440907,-0.8344301121348764,0.003826116487082489,7259.0009765625,3833.700439453125
sub-NDARINVVP179WTP,0.0057724230939857155,0.15867515961354262,0.6541643348999306,-0.6057503475962819,0.00187914166997717,6086.25439453125,2790.820068359375
sub-NDARINVVT280VDN,0.008683670019387699,0.17462533517934364,0.6269320013420768,-0.7604411989664652,0.009673225139125906,6161.3447265625,3045.38427734375
sub-NDARINVVU614ZKP,0.003645929125310487,0.19039419463769228,0.7612977825018616,-0.806493660404688,0.000604424771874183,5660.787109375,2510.978759765625
sub-NDARINVVV366BKJ,0.0005780274279272159,0.17610147490321637,0.7292500464398745,-0.7312627443870899,0.0026933229065080775,7028.4541015625,3188.87841796875
sub-NDARINVWA310HH4,0.013258898901702568,0.18069012188149744,0.6400956585544609,-0.600726262450724,0.009594110675856044,8167.3505859375,4410.02587890625
sub-NDARINVWB541TEM,0.0032952827018630946,0.18086358512332576,0.6869765075031372,-0.7415900744774829,0.004993026053497616,7101.26708984375,3822.346435546875
sub-NDARINVWD338PY2,0.002947289517218568,0.1576258349435672,0.5964123286226188,-0.575831710011474,-0.0006998971713871251,7054.29248046875,2746.0537109375
sub-NDARINVWD467AR0,0.007478883364122983,0.15999474355410054,0.5394741958011842,-0.5883569661181774,0.007959291407740172,5919.1435546875,2604.35546875
sub-NDARINVWE937RD6,0.003240903973956289,0.16292721364395873,0.7605656995568719,-0.699276582124445,0.0031001513839987336,7053.28857421875,3525.38818359375
sub-NDARINVWG867JHJ,0.001624974521101179,0.17091597008048495,0.8269706661965925,-0.6871815327874322,-0.001193611915239025,7096.8095703125,3491.54736328125
sub-NDARINVWJ708RM0,0.004164969082563152,0.20853606664289986,0.8048969103163455,-0.8355887086829609,0.005022593934552044,5366.84033203125,2388.803955078125
sub-NDARINVWJ892FLH,0.005433394357741882,0.1846636110705014,0.798279418754504,-0.7326300975606173,0.004101940297325831,7757.09326171875,4215.99755859375
sub-NDARINVWL810FRT,0.007215626340222952,0.19498200708305516,0.8556840809378461,-0.7393763703762668,0.007070548734613572,7869.59228515625,4059.49658203125
sub-NDARINVWM327ZZN,0.0012316688070850119,0.15775270638446146,0.5687943719814326,-0.5444515725455983,0.002092738271950353,6993.333984375,3365.568115234375
sub-NDARINVWM533NJC,0.010061410178221028,0.17869468140465974,0.7234629025552451,-0.7409041514586517,0.010557130676626208,6778.99560546875,3221.10107421875
sub-NDARINVWN600UP5,0.008568718057091428,0.17144462838122213,0.8043325428800258,-0.7061165224332376,0.006024445595146021,6632.39501953125,3075.346435546875
sub-NDARINVWR872ZDB,0.009680816181300981,0.20555525718318804,0.9045496468033134,-0.840774179370269,0.009880633160922374,6975.5,3477.24755859375
sub-NDARINVWT248DFY,0.006332511473173744,0.18432660498012,0.7725937841809807,-0.7419254556826593,0.00551623248507316,5280.90966796875,2679.76171875
sub-NDARINVWZ534JVA,0.008776731897944548,0.2023713918927254,0.8455065540544308,-0.8367668914281303,0.0048801912976922735,6512.4404296875,2877.041015625
sub-NDARINVXA261ZAL,0.0032237201098355727,0.16321411637816508,0.7062392762550173,-0.6530237407795787,0.0008327746982454956,5923.29345703125,2555.365478515625
sub-NDARINVXD089VAD,0.005183967499193878,0.21825873099432122,0.7735961393481148,-0.7932403960471929,0.007001729690986586,6110.22216796875,3090.045654296875
sub-NDARINVXE784YJ5,0.01181180626641521,0.16304942837890823,0.8094531226252594,-0.6137236841097534,0.010684314439549963,8901.8291015625,3676.620361328125
sub-NDARINVXH435XG7,0.0026458139014223967,0.24049352302664093,0.852252529437868,-0.7739367436464908,0.0016128513709202212,6329.15478515625,3214.423095703125
sub-NDARINVXJ707NAE,0.014162813910971886,0.19418061964242214,0.7905111143437102,-0.8742964848157921,0.010980113532199475,5788.79150390625,3056.6328125
sub-NDARINVXM223BAP,0.0020944220110368965,0.16345733932681403,0.7959181364216572,-0.8174271489768681,-0.0004033242796834925,6921.7783203125,3418.5087890625
sub-NDARINVXP963GZ5,0.0006149763673577627,0.15241635642194412,0.5510288864433915,-0.5461124852854701,-0.00032941105413115685,6199.623046875,2622.520751953125
sub-NDARINVXV404VJL,0.005330495591248761,0.1652503674826585,0.6908409651949121,-0.6795773412512388,0.002087774877707016,4975.51953125,2310.975830078125
sub-NDARINVXZ023ZLG,0.00037339714376477697,0.15048351925312656,0.5458146811118334,-0.5504448578663972,0.000732035774144649,6544.09912109375,3306.887451171875
sub-NDARINVXZ387TC1,0.008176178292730898,0.2844149345294631,0.9044631574446083,-0.8569591482952114,0.009751196323033992,5762.05859375,2802.274658203125
sub-NDARINVYA281VEM,0.003502000649590761,0.1641136885825044,0.6741035125554169,-0.7777193304413171,0.005493601341121206,6229.064453125,3132.7001953125
sub-NDARINVYK619FTF,0.004314642760166669,0.17283064139619927,0.7243926467630699,-0.7336704864193702,0.005041159631248875,6527.27783203125,3287.406494140625
sub-NDARINVYR744ZAU,0.009214967222558573,0.1790563806212177,0.6565703472595484,-0.6744387127952085,0.006310957005942383,6060.89599609375,3041.523681640625
sub-NDARINVYT858CBN,0.001280377762706906,0.15988995730889072,0.7505821223969323,-0.6682723331887025,-0.0011588727682623422,5909.7783203125,2469.5068359375
sub-NDARINVYZ203GF8,0.010219002099072134,0.18219947039639664,0.8016467958069168,-0.6702799978180736,0.0066157191500996705,6475.70556640625,2806.682861328125
sub-NDARINVZB382MHL,0.0023557133055150618,0.1526315631252987,0.5347242786678708,-0.5586646925699122,0.003991145953329616,6780.7373046875,2732.02978515625
sub-NDARINVZB896FPZ,0.005894371792295486,0.18450513688321188,0.7495326245236775,-0.754115247993693,0.005139704162875871,8038.43310546875,3601.567138671875
sub-NDARINVZC713KY8,0.002965704528573136,0.21217877383331793,0.8856418418821915,-0.8616233023522338,0.007432161127355033,6241.33251953125,2995.525146484375
sub-NDARINVZC781XW2,0.00977122097156225,0.19630772903205393,0.8784164937161892,-0.7037603501632961,0.010446621213251791,7519.6259765625,4150.01171875
sub-NDARINVZF221XAB,-0.001655802625002021,0.2313504338199889,0.7907245873296563,-0.7942238477164403,-0.0013885102120956454,6208.43212890625,2825.86279296875
sub-NDARINVZF426RL4,0.017122915693512607,0.18438958507936892,0.8001326190284116,-0.6353792533129776,0.015283999125691835,6559.0224609375,3110.273193359375
sub-NDARINVZF605GZ8,0.007547107029563609,0.18399517661970852,0.8569688150492497,-0.6690599853976157,0.005166576305873475,5878.625,2963.901123046875
sub-NDARINVZH090MNG,0.015706058885441184,0.18029714831181354,0.7885221944631522,-0.8008859240238093,0.010942526870213506,7387.2451171875,3349.69580078125
sub-NDARINVZK672XPE,0.00045225003116388567,0.15439535566146348,0.6457200386494129,-0.7128460832866949,-0.002586724588783428,7906.84423828125,4256.05810546875
sub-NDARINVZL449UYG,0.001161054970054468,0.1737014561005787,0.6890590565636397,-0.7464692124100136,0.0011057366223362103,6131.7275390625,2795.79638671875
sub-NDARINVZT152JCX,0.012551802613302009,0.17594366066850148,0.6919947656253498,-0.734920100483434,0.0134119312919254,8234.642578125,3849.655029296875
sub-NDARINVZU586UPF,0.006756583685883823,0.2035242042256294,0.8520170849169099,-0.7950512017455397,0.008549448443055137,5406.6943359375,2478.75341796875
sub-NDARINVZU840GFR,0.005911470919288201,0.1637911477159149,0.8312967508116175,-0.6762164526969513,0.002493062136068278,6975.31396484375,3149.788330078125
sub-NDARINVZW239ZXZ,0.006438919189728815,0.16966507674504586,0.6937579507686072,-0.6237723432575767,0.006465957324676898,6391.00537109375,2966.189697265625
sub-NDARINVZW252GAV,0.00787917376000354,0.22152468740656417,0.8040032177419374,-0.7653547787892163,0.009216517721706964,7631.58740234375,4485.6982421875
sub-NDARINVZX212UNE,0.002129411806163347,0.19234483425494425,0.8456737203925794,-0.8619348710711598,-0.00016018002762565656,5268.33251953125,2092.449462890625
sub-NDARINVZY232VM1,0.01077534878628878,0.20455518038386195,0.8483733575702157,-0.8519014119278293,0.008415233380575784,8146.06494140625,4124.193359375
